{
  "files": [
    "ch1.mat",
    "ch2.mat",
    "ch3.mat"
  ],
  "fs": 50000,
  "window_N": 5000,
  "metrics": {
    "KRI_point": 99.87419906117549,
    "PCC_point": 0.9999962845961463,
    "RMSE_point": 0.025139133239123097,
    "KRI_bootstrap": {
      "median": 99.76585343519035,
      "ci95_lo": 99.30270100056744,
      "ci95_hi": 99.96155462039103
    },
    "PCC_bootstrap": {
      "median": 0.9999944711246811,
      "ci95_lo": 0.9999469823321104,
      "ci95_hi": 0.9999998967223434
    },
    "RMSE_bootstrap": {
      "median": 0.03200153109800449,
      "ci95_lo": 0.003905554621919834,
      "ci95_hi": 0.11013284683020173
    },
    "SK_max_mixed": 31.871320661041345
  },
  "match": {
    "row_indices": [
      0,
      1,
      2
    ],
    "col_indices": [
      0,
      1,
      2
    ]
  }
}