,ch1,ch2,ch3
ch1,1.0,-0.053394113281811616,0.007756202067833832
ch2,-0.053394113281811616,1.0,-0.013868953615031248
ch3,0.007756202067833832,-0.013868953615031248,1.0
