Label,EnergyPercent
IC_1,33.33333333333334
IC_2,33.33333333333333
IC_3,33.33333333333334
