Channel,ReconstructionRMSE,ReconstructionSNR_dB
ch1,2.9356988232582506e-16,224.7684611328867
ch2,2.781238723351423e-16,224.76846113403644
ch3,4.1455829679808807e-16,224.76846112173126
