iteration,mode_1,mode_2,mode_3,mode_4,mode_5
1,0.0,0.1,0.2,0.30000000000000004,0.4
2,0.0,0.1,0.2,0.30000000000000004,0.4
3,0.0,0.1,0.2,0.30000000000000004,0.4
4,0.0,0.1,0.2,0.30000000000000004,0.4
