{
  "config": {
    "fs": 50000,
    "T": 0.6,
    "N_total": 30000,
    "window_N": 5000,
    "SNR_list": [
      20,
      10,
      5,
      0
    ],
    "n_components": 3,
    "n_trials_auc": 100,
    "n_boot": 1000
  },
  "kri_results": {
    "instantaneous": {
      "20": {
        "KRI": {
          "median": 96.52213025207365,
          "ci95_lo": 71.80698783776168,
          "ci95_hi": 99.23161507207014
        },
        "PCC": {
          "median": 0.9999891135301903,
          "ci95_lo": 0.9946290719040952,
          "ci95_hi": 0.9999999872109547
        },
        "RMSE": {
          "median": 0.49024318382824233,
          "ci95_lo": 0.07201518681215827,
          "ci95_hi": 7.2114200380491065
        }
      },
      "10": {
        "KRI": {
          "median": 83.79419079026962,
          "ci95_lo": 64.50796247733916,
          "ci95_hi": 92.78760995730971
        },
        "PCC": {
          "median": 0.9998976334904963,
          "ci95_lo": 0.6125098896718278,
          "ci95_hi": 0.9999999291445689
        },
        "RMSE": {
          "median": 2.7165998946337773,
          "ci95_lo": 0.7688563156834669,
          "ci95_hi": 9.68642950007962
        }
      },
      "5": {
        "KRI": {
          "median": 74.26841789752287,
          "ci95_lo": 59.304527218580624,
          "ci95_hi": 84.00415344368103
        },
        "PCC": {
          "median": 0.9997280566981515,
          "ci95_lo": 0.8926898383670985,
          "ci95_hi": 0.9999989233097442
        },
        "RMSE": {
          "median": 4.436767201299665,
          "ci95_lo": 1.6286297853049427,
          "ci95_hi": 15.662186515792326
        }
      },
      "0": {
        "KRI": {
          "median": 65.09921062518612,
          "ci95_lo": 57.284408069593006,
          "ci95_hi": 72.61166317307844
        },
        "PCC": {
          "median": 0.9989526708367844,
          "ci95_lo": 0.10253086185416166,
          "ci95_hi": 0.9999976421231082
        },
        "RMSE": {
          "median": 5.755344445214671,
          "ci95_lo": 2.913108726933551,
          "ci95_hi": 13.177688223818764
        }
      }
    },
    "convolutive": {
      "20": {
        "KRI": {
          "median": 86.57262031054137,
          "ci95_lo": 22.18311970475337,
          "ci95_hi": 98.02858120974143
        },
        "PCC": {
          "median": 0.9998184758688764,
          "ci95_lo": 0.9971580580766859,
          "ci95_hi": 0.9999998522135303
        },
        "RMSE": {
          "median": 2.4790694704619254,
          "ci95_lo": 0.15220788430729323,
          "ci95_hi": 27.405426805364925
        }
      },
      "10": {
        "KRI": {
          "median": 80.46430890976484,
          "ci95_lo": 14.965094886448865,
          "ci95_hi": 92.75701602227369
        },
        "PCC": {
          "median": 0.9996294218265045,
          "ci95_lo": -0.1650017915261223,
          "ci95_hi": 0.9999990141444262
        },
        "RMSE": {
          "median": 3.2693001038627125,
          "ci95_lo": 0.42017486306937984,
          "ci95_hi": 14.876831754326137
        }
      },
      "5": {
        "KRI": {
          "median": 73.50211499170899,
          "ci95_lo": 58.93608454544722,
          "ci95_hi": 88.49853699301197
        },
        "PCC": {
          "median": 0.9990859160932728,
          "ci95_lo": 0.06344953701091322,
          "ci95_hi": 0.999999642596425
        },
        "RMSE": {
          "median": 4.6258766221996,
          "ci95_lo": 0.509124786240193,
          "ci95_hi": 11.223669971632862
        }
      },
      "0": {
        "KRI": {
          "median": 64.85084096245986,
          "ci95_lo": 33.0789171802258,
          "ci95_hi": 77.35403259295899
        },
        "PCC": {
          "median": 0.9977119434025473,
          "ci95_lo": -0.5992909792728893,
          "ci95_hi": 0.9999970419759785
        },
        "RMSE": {
          "median": 5.4502273865636415,
          "ci95_lo": 1.981663948947778,
          "ci95_hi": 15.079106628468043
        }
      }
    }
  },
  "auc_results": {
    "instantaneous": {
      "20": {
        "AUC_FastICA": 1.0,
        "AUC_SK": 0.9987266553480476
      },
      "10": {
        "AUC_FastICA": 0.9871847871021083,
        "AUC_SK": 0.6754857379082265
      },
      "5": {
        "AUC_FastICA": 0.98875,
        "AUC_SK": 0.6325
      },
      "0": {
        "AUC_FastICA": 0.9811507936507936,
        "AUC_SK": 0.3804563492063492
      }
    },
    "convolutive": {
      "20": {
        "AUC_FastICA": 1.0,
        "AUC_SK": 0.9801136363636364
      },
      "10": {
        "AUC_FastICA": 0.9939123376623378,
        "AUC_SK": 0.7491883116883117
      },
      "5": {
        "AUC_FastICA": 0.9976190476190476,
        "AUC_SK": 0.6623809523809524
      },
      "0": {
        "AUC_FastICA": 0.9561631944444444,
        "AUC_SK": 0.5121527777777778
      }
    }
  },
  "demo_metrics": {
    "KRI_demo": 95.65218079663536,
    "PCC_demo": 0.9999852142378863,
    "RMSE_demo": 0.5280681204279858
  }
}