Label,EnergyPercent
source_1,89.62822883372827
source_2,4.703994785094719
source_3,5.667776381177009
