{
  "files": [
    "ch1.mat",
    "ch2.mat",
    "ch3.mat"
  ],
  "fs": 50000,
  "window_N": 5000,
  "point_metrics": {
    "KRI_point": 99.87419906117549,
    "PCC_point": 0.9999962845961463,
    "RMSE_point": 0.025139133239123097,
    "SK_max_mixed": 31.871320661041345,
    "match": {
      "row_indices": [
        0,
        1,
        2
      ],
      "col_indices": [
        0,
        1,
        2
      ]
    }
  },
  "grid_results": {
    "L500_B1000": {
      "BLOCK_SIZE": 500,
      "N_BOOT": 1000,
      "kri_point": null,
      "kri_boot": {
        "median": 99.78450912273466,
        "ci95_lo": 99.36235842351361,
        "ci95_hi": 99.95140024858154
      },
      "pcc_boot": {
        "median": 0.9999936133810821,
        "ci95_lo": 0.9999457500081903,
        "ci95_hi": 0.9999999831506191
      },
      "rmse_boot": {
        "median": 0.03303061342590785,
        "ci95_lo": 0.005500287603175952,
        "ci95_hi": 0.08371708881313839
      },
      "n_blocks": 10,
      "n_successful_boot": 1000
    },
    "L1000_B1000": {
      "BLOCK_SIZE": 1000,
      "N_BOOT": 1000,
      "kri_point": null,
      "kri_boot": {
        "median": 99.76585343519035,
        "ci95_lo": 99.30270100056744,
        "ci95_hi": 99.96155462039103
      },
      "pcc_boot": {
        "median": 0.9999944711246811,
        "ci95_lo": 0.9999469823321104,
        "ci95_hi": 0.9999998967223434
      },
      "rmse_boot": {
        "median": 0.03200153109800449,
        "ci95_lo": 0.003905554621919834,
        "ci95_hi": 0.11013284683020173
      },
      "n_blocks": 5,
      "n_successful_boot": 1000
    },
    "L1500_B1000": {
      "BLOCK_SIZE": 1500,
      "N_BOOT": 1000,
      "kri_point": null,
      "kri_boot": {
        "median": 99.67697887246665,
        "ci95_lo": 99.00552396235327,
        "ci95_hi": 99.90565249405094
      },
      "pcc_boot": {
        "median": 0.9999950525050584,
        "ci95_lo": 0.9999640341484157,
        "ci95_hi": 0.9999997162192429
      },
      "rmse_boot": {
        "median": 0.035471389032423015,
        "ci95_lo": 0.013341473118687839,
        "ci95_hi": 0.18075008961632452
      },
      "n_blocks": 3,
      "n_successful_boot": 1000
    },
    "L1000_B2000": {
      "BLOCK_SIZE": 1000,
      "N_BOOT": 2000,
      "kri_point": null,
      "kri_boot": {
        "median": 99.76463255596087,
        "ci95_lo": 99.29356170022079,
        "ci95_hi": 99.96155462039103
      },
      "pcc_boot": {
        "median": 0.9999944711246811,
        "ci95_lo": 0.9999469823321104,
        "ci95_hi": 0.9999999782619718
      },
      "rmse_boot": {
        "median": 0.03370741431364584,
        "ci95_lo": 0.0039055546219958727,
        "ci95_hi": 0.11013284683015999
      },
      "n_blocks": 5,
      "n_successful_boot": 2000
    },
    "L2500_B1000": {
      "BLOCK_SIZE": 2500,
      "N_BOOT": 1000,
      "kri_point": null,
      "kri_boot": {
        "median": 99.87419906116772,
        "ci95_lo": 99.70545455399727,
        "ci95_hi": 99.93137112605243
      },
      "pcc_boot": {
        "median": 0.9999962845961471,
        "ci95_lo": 0.9999771664035927,
        "ci95_hi": 0.999998904980701
      },
      "rmse_boot": {
        "median": 0.025139133239193225,
        "ci95_lo": 0.009722332108374128,
        "ci95_hi": 0.0513412313368785
      },
      "n_blocks": 2,
      "n_successful_boot": 1000
    }
  }
}